0	0	0	834	1.007406	190086
0	0	0	1668	2.008783	393552
0	0	0	2502	3.009956	596957
0	0	0	3336	4.011474	800471
0	0	0	4170	5.012807	1003826
0	0	0	5004	6.014161	1207342
0	0	0	5838	7.015262	1410641
0	0	0	6672	8.017281	1614209
0	0	0	7506	9.018070	1817607
0	0	0	8340	10.019768	2021142
0	0	0	9174	11.020503	2224613
0	0	0	10008	12.022055	2427881
0	0	0	10842	13.023754	2631240
0	0	0	11676	14.024715	2834522
0	0	0	12510	15.026160	3037839
0	0	0	13344	16.027734	3241264
0	0	0	14178	17.029181	3444621
0	0	0	15012	18.030672	3647977
0	0	0	15846	19.031877	3851424
0	0	0	16680	20.033715	4054914
0	0	0	17514	21.034751	4258393
0	0	0	18348	22.035902	4462026
0	0	0	19182	23.037538	4665212
0	0	0	20016	24.038847	4868683
0	0	0	20850	25.040163	5072258
0	0	0	21684	26.040698	5275506
0	0	0	22518	27.042621	5479187
0	0	0	23352	28.043943	5682492
0	0	0	24186	29.045228	5885745
0	0	0	25020	30.046265	6089358
0	0	0	25854	31.047473	6292685
0	0	0	26688	32.048274	6495946
0	0	0	27522	33.049705	6699512
0	0	0	28356	34.050782	6902836
0	0	0	29190	35.052826	7106588
0	0	0	30024	36.053696	7309647
0	0	0	30858	37.055288	7512927
0	0	0	31692	38.055959	7716323
0	0	0	32526	39.057437	7919694
0	0	0	33360	40.059024	8123034
0	0	0	34194	41.059615	8326340
0	0	0	35028	42.060436	8529745
0	0	0	35862	43.062070	8733333
0	0	0	36696	44.063465	8936395
0	0	0	37530	45.064608	9139914
0	0	0	38364	46.065787	9343574
0	0	0	39198	47.067417	9546780
0	0	0	40032	48.069278	9749968
0	0	0	40866	49.070088	9953379
0	0	0	41700	50.071233	10156345
0	0	0	42534	51.072549	10359932
0	0	0	43368	52.074317	10563375
0	0	0	44202	53.075387	10766822
0	0	0	45036	54.076269	10969863
0	0	0	45870	55.077676	11173778
0	0	0	46704	56.079272	11377297
0	0	0	47538	57.080173	11580579
0	0	0	48372	58.081631	11783371
0	0	0	49206	59.082699	11987010
0	0	0	50040	60.084596	12190615
0	0	0	50874	61.085380	12393846
0	0	0	51708	62.087635	12596766
0	0	0	52542	63.088760	12800330
0	0	0	53376	64.089720	13004100
0	0	0	54210	65.090559	13207101
0	0	0	55044	66.092604	13410095
0	0	0	55878	67.094000	13614468
0	0	0	56712	68.095763	13817316
0	0	0	57546	69.096282	14020562
0	0	0	58380	70.097962	14225132
0	0	0	59214	71.099764	14427651
0	0	0	60048	72.100829	14628966
0	0	0	60882	73.102357	14828885
0	0	0	61716	74.103818	15027674
0	0	0	62550	75.105253	15222911
0	0	0	63384	75.359279	15249415
0	0	0	64218	75.358500	15248814
0	0	1	834	0.995527	190534
0	0	1	1668	1.996748	394075
0	0	1	2502	2.997114	597549
0	0	1	3336	3.998194	801047
0	0	1	4170	4.998558	1004509
0	0	1	5004	5.999552	1208012
0	0	1	5838	7.000235	1411537
0	0	1	6672	8.001604	1615183
0	0	1	7506	9.001941	1818482
0	0	1	8340	10.002804	2022007
0	0	1	9174	11.003575	2225450
0	0	1	10008	12.004262	2428985
0	0	1	10842	13.005300	2632499
0	0	1	11676	14.006194	2835827
0	0	1	12510	15.006871	3039190
0	0	1	13344	16.007579	3242556
0	0	1	14178	17.008234	3446153
0	0	1	15012	18.009467	3649859
0	0	1	15846	19.010292	3853193
0	0	1	16680	20.010991	4056976
0	0	1	17514	21.011941	4260287
0	0	1	18348	22.012355	4463624
0	0	1	19182	23.013459	4667303
0	0	1	20016	24.014193	4870683
0	0	1	20850	25.015184	5074146
0	0	1	21684	26.015596	5277841
0	0	1	22518	27.016482	5481487
0	0	1	23352	28.016952	5684994
0	0	1	24186	29.018526	5888449
0	0	1	25020	30.019140	6091625
0	0	1	25854	31.020275	6295031
0	0	1	26688	32.020593	6498514
0	0	1	27522	33.021548	6702307
0	0	1	28356	34.022051	6905282
0	0	1	29190	35.023629	7109526
0	0	1	30024	36.023769	7312601
0	0	1	30858	37.024745	7516103
0	0	1	31692	38.024515	7719297
0	0	1	32526	39.025754	7922802
0	0	1	33360	40.026674	8126200
0	0	1	34194	41.027149	8329657
0	0	1	35028	42.027877	8533224
0	0	1	35862	43.028452	8736638
0	0	1	36696	44.028968	8940217
0	0	1	37530	45.029702	9143793
0	0	1	38364	46.029887	9346536
0	0	1	39198	47.031325	9550384
0	0	1	40032	48.032124	9754150
0	0	1	40866	49.032869	9957661
0	0	1	41700	50.034203	10161031
0	0	1	42534	51.034694	10364365
0	0	1	43368	52.035230	10568230
0	0	1	44202	53.036048	10771841
0	0	1	45036	54.037007	10975391
0	0	1	45870	55.037382	11178803
0	0	1	46704	56.038562	11382263
0	0	1	47538	57.039206	11585175
0	0	1	48372	58.040167	11789297
0	0	1	49206	59.041142	11992316
0	0	1	50040	60.041540	12196495
0	0	1	50874	61.042225	12399376
0	0	1	51708	62.043726	12603348
0	0	1	52542	63.044082	12807070
0	0	1	53376	64.045297	13010292
0	0	1	54210	65.045007	13213795
0	0	1	55044	66.046502	13417132
0	0	1	55878	67.047027	13620223
0	0	1	56712	68.047849	13824319
0	0	1	57546	69.048790	14027415
0	0	1	58380	70.049631	14230992
0	0	1	59214	71.049730	14434352
0	0	1	60048	72.051252	14635608
0	0	1	60882	73.051417	14835905
0	0	1	61716	74.053060	15034526
0	0	1	62550	75.053095	15229639
0	0	1	63384	75.360630	15246788
0	0	1	64218	75.360752	15247115
0	0	2	834	1.007026	188020
0	0	2	1668	2.008133	391592
0	0	2	2502	3.008943	595053
0	0	2	3336	4.009918	798572
0	0	2	4170	5.010705	1001899
0	0	2	5004	6.012110	1205507
0	0	2	5838	7.012920	1408979
0	0	2	6672	8.014199	1612491
0	0	2	7506	9.014479	1815950
0	0	2	8340	10.015459	2019465
0	0	2	9174	11.016285	2222858
0	0	2	10008	12.017028	2426256
0	0	2	10842	13.018451	2629661
0	0	2	11676	14.019186	2833229
0	0	2	12510	15.020515	3036549
0	0	2	13344	16.021498	3239630
0	0	2	14178	17.022600	3443358
0	0	2	15012	18.023528	3646647
0	0	2	15846	19.024451	3850374
0	0	2	16680	20.025278	4053594
0	0	2	17514	21.026097	4257227
0	0	2	18348	22.027388	4460592
0	0	2	19182	23.028732	4664282
0	0	2	20016	24.029249	4867450
0	0	2	20850	25.030979	5071235
0	0	2	21684	26.031026	5274695
0	0	2	22518	27.032342	5478115
0	0	2	23352	28.033291	5681684
0	0	2	24186	29.034410	5885079
0	0	2	25020	30.035294	6088566
0	0	2	25854	31.036188	6292096
0	0	2	26688	32.037009	6495394
0	0	2	27522	33.038568	6698896
0	0	2	28356	34.039257	6901941
0	0	2	29190	35.040438	7105625
0	0	2	30024	36.040698	7308822
0	0	2	30858	37.041757	7512557
0	0	2	31692	38.042138	7715650
0	0	2	32526	39.042845	7919390
0	0	2	33360	40.043852	8122378
0	0	2	34194	41.044815	8325730
0	0	2	35028	42.045741	8529316
0	0	2	35862	43.046319	8732958
0	0	2	36696	44.047266	8936141
0	0	2	37530	45.047687	9139666
0	0	2	38364	46.048523	9342867
0	0	2	39198	47.049671	9546917
0	0	2	40032	48.050824	9750219
0	0	2	40866	49.051308	9953844
0	0	2	41700	50.051913	10157001
0	0	2	42534	51.052681	10360778
0	0	2	43368	52.054166	10563908
0	0	2	44202	53.054912	10767462
0	0	2	45036	54.056092	10971287
0	0	2	45870	55.056474	11175034
0	0	2	46704	56.058478	11377923
0	0	2	47538	57.059553	11582075
0	0	2	48372	58.060555	11784780
0	0	2	49206	59.060751	11988309
0	0	2	50040	60.061867	12191628
0	0	2	50874	61.062744	12394828
0	0	2	51708	62.063697	12598164
0	0	2	52542	63.064227	12802111
0	0	2	53376	64.065927	13005517
0	0	2	54210	65.066557	13209053
0	0	2	55044	66.068213	13411724
0	0	2	55878	67.068197	13615255
0	0	2	56712	68.069823	13818025
0	0	2	57546	69.070583	14022011
0	0	2	58380	70.071674	14225579
0	0	2	59214	71.072318	14428169
0	0	2	60048	72.073373	14631352
0	0	2	60882	73.073969	14831022
0	0	2	61716	74.075210	15029333
0	0	2	62550	75.076025	15225281
0	0	2	63384	75.352415	15248359
0	0	2	64218	75.352053	15247338
0	0	3	834	1.008903	188138
0	0	3	1668	2.009928	391618
0	0	3	2502	3.010598	595015
0	0	3	3336	4.011818	798479
0	0	3	4170	5.012334	1001849
0	0	3	5004	6.013461	1205343
0	0	3	5838	7.014057	1408732
0	0	3	6672	8.015544	1612371
0	0	3	7506	9.016244	1815616
0	0	3	8340	10.017178	2019082
0	0	3	9174	11.018512	2222455
0	0	3	10008	12.019038	2425891
0	0	3	10842	13.020036	2629404
0	0	3	11676	14.020955	2832756
0	0	3	12510	15.022009	3036224
0	0	3	13344	16.022420	3239650
0	0	3	14178	17.024059	3442967
0	0	3	15012	18.024833	3646668
0	0	3	15846	19.026164	3849803
0	0	3	16680	20.027302	4053066
0	0	3	17514	21.028329	4256433
0	0	3	18348	22.029165	4459818
0	0	3	19182	23.030141	4663252
0	0	3	20016	24.031027	4866703
0	0	3	20850	25.032620	5069982
0	0	3	21684	26.033209	5273470
0	0	3	22518	27.034189	5476581
0	0	3	23352	28.034960	5680311
0	0	3	24186	29.036385	5883672
0	0	3	25020	30.037289	6087144
0	0	3	25854	31.038596	6290544
0	0	3	26688	32.038997	6493824
0	0	3	27522	33.040129	6697241
0	0	3	28356	34.040953	6900291
0	0	3	29190	35.042365	7104015
0	0	3	30024	36.042733	7307441
0	0	3	30858	37.043692	7510597
0	0	3	31692	38.043917	7713972
0	0	3	32526	39.045379	7917066
0	0	3	33360	40.046444	8120486
0	0	3	34194	41.046459	8323748
0	0	3	35028	42.047811	8527207
0	0	3	35862	43.048601	8730460
0	0	3	36696	44.049290	8933710
0	0	3	37530	45.050274	9137294
0	0	3	38364	46.051163	9340520
0	0	3	39198	47.052453	9544366
0	0	3	40032	48.053428	9748003
0	0	3	40866	49.054438	9951665
0	0	3	41700	50.055565	10155154
0	0	3	42534	51.055825	10358269
0	0	3	43368	52.057754	10561534
0	0	3	44202	53.058035	10764369
0	0	3	45036	54.059394	10968131
0	0	3	45870	55.060171	11171069
0	0	3	46704	56.061374	11375196
0	0	3	47538	57.062295	11578450
0	0	3	48372	58.063830	11782124
0	0	3	49206	59.064548	11985312
0	0	3	50040	60.066062	12189029
0	0	3	50874	61.066270	12391828
0	0	3	51708	62.067753	12594341
0	0	3	52542	63.068295	12797748
0	0	3	53376	64.069477	13001519
0	0	3	54210	65.070093	13204797
0	0	3	55044	66.071941	13407834
0	0	3	55878	67.072036	13610903
0	0	3	56712	68.072992	13815278
0	0	3	57546	69.074093	14019726
0	0	3	58380	70.075466	14221882
0	0	3	59214	71.075879	14425434
0	0	3	60048	72.077212	14627591
0	0	3	60882	73.077886	14827759
0	0	3	61716	74.079013	15026395
0	0	3	62550	75.079587	15221209
0	0	3	63384	75.355430	15248716
0	0	3	64218	75.355151	15247538
0	0	4	834	1.004789	188531
0	0	4	1668	2.005719	392139
0	0	4	2502	3.006487	595626
0	0	4	3336	4.007345	799213
0	0	4	4170	5.007640	1002828
0	0	4	5004	6.008647	1206439
0	0	4	5838	7.008985	1410040
0	0	4	6672	8.010544	1613649
0	0	4	7506	9.010974	1817221
0	0	4	8340	10.012003	2020855
0	0	4	9174	11.012868	2224348
0	0	4	10008	12.013109	2427888
0	0	4	10842	13.013744	2631518
0	0	4	11676	14.014595	2834937
0	0	4	12510	15.015756	3038476
0	0	4	13344	16.016301	3242277
0	0	4	14178	17.016956	3445742
0	0	4	15012	18.018017	3649340
0	0	4	15846	19.018755	3852837
0	0	4	16680	20.019680	4056424
0	0	4	17514	21.020241	4260082
0	0	4	18348	22.020758	4463732
0	0	4	19182	23.021796	4667283
0	0	4	20016	24.022443	4870777
0	0	4	20850	25.023824	5074441
0	0	4	21684	26.023878	5277835
0	0	4	22518	27.025182	5481625
0	0	4	23352	28.025795	5685086
0	0	4	24186	29.026574	5888814
0	0	4	25020	30.027066	6092420
0	0	4	25854	31.027866	6295988
0	0	4	26688	32.028145	6499178
0	0	4	27522	33.029292	6702448
0	0	4	28356	34.029405	6906178
0	0	4	29190	35.030750	7109615
0	0	4	30024	36.031098	7313258
0	0	4	30858	37.031982	7516768
0	0	4	31692	38.032341	7720180
0	0	4	32526	39.032800	7923416
0	0	4	33360	40.033926	8127094
0	0	4	34194	41.034163	8330967
0	0	4	35028	42.034607	8534036
0	0	4	35862	43.035081	8737621
0	0	4	36696	44.035912	8941183
0	0	4	37530	45.036201	9144289
0	0	4	38364	46.036864	9348126
0	0	4	39198	47.038137	9551822
0	0	4	40032	48.038328	9755254
0	0	4	40866	49.039517	9957949
0	0	4	41700	50.039700	10161667
0	0	4	42534	51.040302	10365721
0	0	4	43368	52.041408	10568878
0	0	4	44202	53.041560	10772959
0	0	4	45036	54.042857	10976900
0	0	4	45870	55.042975	11180895
0	0	4	46704	56.044463	11384614
0	0	4	47538	57.045221	11588378
0	0	4	48372	58.046273	11792159
0	0	4	49206	59.046633	11995433
0	0	4	50040	60.047338	12199100
0	0	4	50874	61.047521	12402801
0	0	4	51708	62.048681	12605960
0	0	4	52542	63.049255	12809906
0	0	4	53376	64.050215	13013107
0	0	4	54210	65.050935	13216738
0	0	4	55044	66.052257	13420413
0	0	4	55878	67.051926	13624038
0	0	4	56712	68.052549	13827452
0	0	4	57546	69.053889	14031037
0	0	4	58380	70.054550	14234561
0	0	4	59214	71.055219	14437996
0	0	4	60048	72.055856	14639248
0	0	4	60882	73.056239	14839314
0	0	4	61716	74.057053	15038031
0	0	4	62550	75.058321	15232930
0	0	4	63384	75.333510	15250794
0	0	4	64218	75.334974	15250626
0	0	5	834	0.994620	190598
0	0	5	1668	1.996049	394123
0	0	5	2502	2.996980	597622
0	0	5	3336	3.998151	801134
0	0	5	4170	4.998602	1004627
0	0	5	5004	6.000178	1208207
0	0	5	5838	7.001161	1411698
0	0	5	6672	8.002726	1615309
0	0	5	7506	9.003391	1818605
0	0	5	8340	10.004819	2022200
0	0	5	9174	11.006250	2225773
0	0	5	10008	12.007015	2429097
0	0	5	10842	13.008074	2632591
0	0	5	11676	14.009389	2836040
0	0	5	12510	15.010260	3039660
0	0	5	13344	16.010602	3242999
0	0	5	14178	17.011978	3446558
0	0	5	15012	18.013273	3649975
0	0	5	15846	19.014201	3853412
0	0	5	16680	20.015574	4057010
0	0	5	17514	21.016783	4260463
0	0	5	18348	22.017641	4464094
0	0	5	19182	23.019044	4667679
0	0	5	20016	24.019831	4871001
0	0	5	20850	25.021489	5074394
0	0	5	21684	26.022443	5277720
0	0	5	22518	27.023266	5481462
0	0	5	23352	28.023988	5684734
0	0	5	24186	29.025592	5888216
0	0	5	25020	30.026183	6091829
0	0	5	25854	31.027586	6295220
0	0	5	26688	32.027671	6498516
0	0	5	27522	33.029239	6702315
0	0	5	28356	34.030083	6905817
0	0	5	29190	35.031523	7109185
0	0	5	30024	36.031972	7312356
0	0	5	30858	37.033141	7515835
0	0	5	31692	38.033529	7718914
0	0	5	32526	39.034734	7922753
0	0	5	33360	40.035897	8126151
0	0	5	34194	41.036798	8329624
0	0	5	35028	42.037523	8532794
0	0	5	35862	43.038540	8736127
0	0	5	36696	44.039312	8939808
0	0	5	37530	45.040067	9143068
0	0	5	38364	46.040686	9346332
0	0	5	39198	47.041269	9549840
0	0	5	40032	48.042437	9754064
0	0	5	40866	49.043744	9957527
0	0	5	41700	50.044739	10161040
0	0	5	42534	51.044634	10364411
0	0	5	43368	52.045850	10567507
0	0	5	44202	53.047158	10771159
0	0	5	45036	54.048322	10974166
0	0	5	45870	55.048668	11177738
0	0	5	46704	56.049818	11381454
0	0	5	47538	57.050404	11584688
0	0	5	48372	58.052065	11788430
0	0	5	49206	59.052473	11991746
0	0	5	50040	60.054623	12195425
0	0	5	50874	61.055036	12399745
0	0	5	51708	62.056298	12602974
0	0	5	52542	63.056717	12805908
0	0	5	53376	64.058720	13010569
0	0	5	54210	65.059659	13213425
0	0	5	55044	66.061119	13416989
0	0	5	55878	67.061060	13619763
0	0	5	56712	68.062831	13823468
0	0	5	57546	69.064031	14026960
0	0	5	58380	70.064615	14230689
0	0	5	59214	71.065691	14433548
0	0	5	60048	72.067218	14635564
0	0	5	60882	73.067992	14834549
0	0	5	61716	74.069284	15033953
0	0	5	62550	75.070220	15229580
0	0	5	63384	75.342810	15249157
0	0	5	64218	75.343666	15248717
0	0	6	834	0.996194	193257
0	0	6	1668	1.997396	397205
0	0	6	2502	2.997782	601062
0	0	6	3336	3.998869	805047
0	0	6	4170	5.000032	1008858
0	0	6	5004	6.001393	1212785
0	0	6	5838	7.002190	1416611
0	0	6	6672	8.003949	1620661
0	0	6	7506	9.004428	1824415
0	0	6	8340	10.005954	2028290
0	0	6	9174	11.006730	2232295
0	0	6	10008	12.007986	2436121
0	0	6	10842	13.009544	2640022
0	0	6	11676	14.010519	2843752
0	0	6	12510	15.011533	3047854
0	0	6	13344	16.012784	3251808
0	0	6	14178	17.013815	3455674
0	0	6	15012	18.014585	3659595
0	0	6	15846	19.015833	3863575
0	0	6	16680	20.017115	4067300
0	0	6	17514	21.017858	4270785
0	0	6	18348	22.019023	4474709
0	0	6	19182	23.020332	4678290
0	0	6	20016	24.021724	4882639
0	0	6	20850	25.023415	5086164
0	0	6	21684	26.024083	5290014
0	0	6	22518	27.025284	5493762
0	0	6	23352	28.025908	5697780
0	0	6	24186	29.027450	5901571
0	0	6	25020	30.028575	6105517
0	0	6	25854	31.029488	6309394
0	0	6	26688	32.030363	6513314
0	0	6	27522	33.031638	6716795
0	0	6	28356	34.032428	6920743
0	0	6	29190	35.034014	7124857
0	0	6	30024	36.034346	7328526
0	0	6	30858	37.035732	7532318
0	0	6	31692	38.036049	7735851
0	0	6	32526	39.037393	7939385
0	0	6	33360	40.038450	8143104
0	0	6	34194	41.039306	8346564
0	0	6	35028	42.039777	8550916
0	0	6	35862	43.041370	8754611
0	0	6	36696	44.041843	8958433
0	0	6	37530	45.043023	9162105
0	0	6	38364	46.043543	9365289
0	0	6	39198	47.044637	9569024
0	0	6	40032	48.046018	9773097
0	0	6	40866	49.046345	9976920
0	0	6	41700	50.047913	10180441
0	0	6	42534	51.048992	10383896
0	0	6	43368	52.049824	10587625
0	0	6	44202	53.051111	10791112
0	0	6	45036	54.052930	10995093
0	0	6	45870	55.053440	11198053
0	0	6	46704	56.055239	11402414
0	0	6	47538	57.056437	11605796
0	0	6	48372	58.058019	11809337
0	0	6	49206	59.058474	12013483
0	0	6	50040	60.059728	12217096
0	0	6	50874	61.060902	12420449
0	0	6	51708	62.061737	12623923
0	0	6	52542	63.062628	12828279
0	0	6	53376	64.064686	13032675
0	0	6	54210	65.064687	13235661
0	0	6	55044	66.066515	13439384
0	0	6	55878	67.067414	13643306
0	0	6	56712	68.069254	13846549
0	0	6	57546	69.070189	14051007
0	0	6	58380	70.071624	14252989
0	0	6	59214	71.071807	14457859
0	0	6	60048	72.073687	14660360
0	0	6	60882	73.074534	14859630
0	0	6	61716	74.075735	15058438
0	0	6	62550	75.076397	15250489
0	0	6	63384	75.260767	15250883
0	0	6	64218	75.261122	15250613
0	0	7	834	1.017382	191298
0	0	7	1668	2.018840	395032
0	0	7	2502	3.019784	598731
0	0	7	3336	4.021194	802484
0	0	7	4170	5.022126	1006116
0	0	7	5004	6.023294	1209846
0	0	7	5838	7.024377	1413481
0	0	7	6672	8.026382	1617297
0	0	7	7506	9.027321	1820925
0	0	7	8340	10.028313	2024695
0	0	7	9174	11.029424	2228438
0	0	7	10008	12.030802	2432051
0	0	7	10842	13.032587	2635805
0	0	7	11676	14.033570	2839373
0	0	7	12510	15.035115	3043055
0	0	7	13344	16.036475	3246562
0	0	7	14178	17.037593	3450393
0	0	7	15012	18.038882	3654092
0	0	7	15846	19.040434	3857653
0	0	7	16680	20.041469	4061488
0	0	7	17514	21.042870	4265310
0	0	7	18348	22.043654	4468924
0	0	7	19182	23.045195	4672756
0	0	7	20016	24.046665	4876230
0	0	7	20850	25.048206	5080117
0	0	7	21684	26.048917	5283736
0	0	7	22518	27.050209	5487519
0	0	7	23352	28.051338	5691004
0	0	7	24186	29.052879	5894615
0	0	7	25020	30.053633	6098239
0	0	7	25854	31.055443	6302057
0	0	7	26688	32.056246	6505831
0	0	7	27522	33.057408	6709091
0	0	7	28356	34.057932	6912461
0	0	7	29190	35.060249	7116239
0	0	7	30024	36.060838	7319466
0	0	7	30858	37.062297	7523181
0	0	7	31692	38.062392	7726754
0	0	7	32526	39.063668	7930459
0	0	7	33360	40.064756	8134163
0	0	7	34194	41.065833	8337724
0	0	7	35028	42.067073	8541225
0	0	7	35862	43.067941	8744555
0	0	7	36696	44.068908	8947815
0	0	7	37530	45.070059	9151411
0	0	7	38364	46.070891	9355754
0	0	7	39198	47.072194	9558837
0	0	7	40032	48.073500	9762342
0	0	7	40866	49.074573	9965875
0	0	7	41700	50.076272	10169755
0	0	7	42534	51.077222	10373503
0	0	7	43368	52.079267	10577470
0	0	7	44202	53.079743	10780989
0	0	7	45036	54.081442	10984789
0	0	7	45870	55.082692	11187556
0	0	7	46704	56.084039	11391609
0	0	7	47538	57.084646	11595613
0	0	7	48372	58.086049	11799197
0	0	7	49206	59.087529	12002585
0	0	7	50040	60.088704	12206595
0	0	7	50874	61.089587	12410142
0	0	7	51708	62.091565	12613518
0	0	7	52542	63.092213	12816801
0	0	7	53376	64.094559	13020632
0	0	7	54210	65.095202	13224068
0	0	7	55044	66.097200	13427615
0	0	7	55878	67.098006	13631579
0	0	7	56712	68.098962	13835319
0	0	7	57546	69.100029	14038548
0	0	7	58380	70.102118	14242862
0	0	7	59214	71.103173	14445991
0	0	7	60048	72.104444	14647932
0	0	7	60882	73.105504	14847780
0	0	7	61716	74.106549	15045952
0	0	7	62550	75.107811	15239805
0	0	7	63384	75.287219	15251047
0	0	7	64218	75.288178	15250268
0	0	8	834	0.993867	190275
0	0	8	1668	1.994710	393682
0	0	8	2502	2.995474	597069
0	0	8	3336	3.996858	800501
0	0	8	4170	4.997484	1003789
0	0	8	5004	5.998473	1207280
0	0	8	5838	6.999382	1410666
0	0	8	6672	8.000720	1614204
0	0	8	7506	9.001303	1817508
0	0	8	8340	10.002356	2020979
0	0	8	9174	11.002997	2224333
0	0	8	10008	12.004388	2427705
0	0	8	10842	13.005275	2630953
0	0	8	11676	14.006190	2834288
0	0	8	12510	15.007277	3037675
0	0	8	13344	16.008289	3241249
0	0	8	14178	17.009405	3444667
0	0	8	15012	18.010112	3648037
0	0	8	15846	19.010855	3851526
0	0	8	16680	20.012124	4054774
0	0	8	17514	21.012922	4258228
0	0	8	18348	22.013470	4461661
0	0	8	19182	23.014206	4665064
0	0	8	20016	24.014781	4868629
0	0	8	20850	25.016175	5072039
0	0	8	21684	26.017051	5275311
0	0	8	22518	27.018258	5478985
0	0	8	23352	28.019102	5682363
0	0	8	24186	29.020557	5885908
0	0	8	25020	30.020903	6089102
0	0	8	25854	31.022219	6292698
0	0	8	26688	32.022765	6496042
0	0	8	27522	33.023643	6699525
0	0	8	28356	34.024176	6903056
0	0	8	29190	35.025509	7106461
0	0	8	30024	36.026257	7309916
0	0	8	30858	37.027593	7512699
0	0	8	31692	38.027961	7716294
0	0	8	32526	39.029153	7919967
0	0	8	33360	40.030728	8123504
0	0	8	34194	41.030748	8326490
0	0	8	35028	42.031592	8530152
0	0	8	35862	43.032652	8732934
0	0	8	36696	44.033474	8936283
0	0	8	37530	45.034425	9139946
0	0	8	38364	46.035077	9342883
0	0	8	39198	47.035736	9546766
0	0	8	40032	48.036808	9749978
0	0	8	40866	49.037276	9953246
0	0	8	41700	50.038437	10157285
0	0	8	42534	51.039096	10360468
0	0	8	43368	52.040470	10564378
0	0	8	44202	53.040899	10766767
0	0	8	45036	54.042362	10969521
0	0	8	45870	55.043179	11174050
0	0	8	46704	56.044797	11378147
0	0	8	47538	57.045351	11581295
0	0	8	48372	58.045992	11784608
0	0	8	49206	59.046681	11987608
0	0	8	50040	60.048107	12191255
0	0	8	50874	61.048358	12394270
0	0	8	51708	62.050079	12597576
0	0	8	52542	63.050191	12801359
0	0	8	53376	64.051695	13005246
0	0	8	54210	65.052374	13208540
0	0	8	55044	66.053257	13412141
0	0	8	55878	67.054296	13615827
0	0	8	56712	68.055100	13818555
0	0	8	57546	69.056144	14022767
0	0	8	58380	70.056998	14225897
0	0	8	59214	71.057889	14429450
0	0	8	60048	72.059502	14630612
0	0	8	60882	73.059902	14829276
0	0	8	61716	74.061490	15028442
0	0	8	62550	75.062206	15224047
0	0	8	63384	75.329977	15239848
0	0	8	64218	75.331219	15240202
0	0	9	834	0.996372	187811
0	0	9	1668	1.997599	391240
0	0	9	2502	2.998255	594638
0	0	9	3336	3.999494	798187
0	0	9	4170	5.000544	1001610
0	0	9	5004	6.001853	1205051
0	0	9	5838	7.002603	1408440
0	0	9	6672	8.003971	1611948
0	0	9	7506	9.004436	1815331
0	0	9	8340	10.005645	2018773
0	0	9	9174	11.006600	2222121
0	0	9	10008	12.007570	2425728
0	0	9	10842	13.008865	2629046
0	0	9	11676	14.009828	2832518
0	0	9	12510	15.011144	3035858
0	0	9	13344	16.012149	3239256
0	0	9	14178	17.013144	3442671
0	0	9	15012	18.014150	3646069
0	0	9	15846	19.014933	3849678
0	0	9	16680	20.016202	4053118
0	0	9	17514	21.017177	4256337
0	0	9	18348	22.018143	4459791
0	0	9	19182	23.019839	4663328
0	0	9	20016	24.020247	4866528
0	0	9	20850	25.021565	5070009
0	0	9	21684	26.022166	5273335
0	0	9	22518	27.023570	5476644
0	0	9	23352	28.024203	5680130
0	0	9	24186	29.025568	5883237
0	0	9	25020	30.026427	6086825
0	0	9	25854	31.027537	6290419
0	0	9	26688	32.028417	6493599
0	0	9	27522	33.029262	6696347
0	0	9	28356	34.029459	6899691
0	0	9	29190	35.030603	7103256
0	0	9	30024	36.030966	7306357
0	0	9	30858	37.032238	7510271
0	0	9	31692	38.033053	7712950
0	0	9	32526	39.033856	7916838
0	0	9	33360	40.035453	8120361
0	0	9	34194	41.036255	8323914
0	0	9	35028	42.036878	8527354
0	0	9	35862	43.037726	8731047
0	0	9	36696	44.038525	8934372
0	0	9	37530	45.039948	9137827
0	0	9	38364	46.040741	9341472
0	0	9	39198	47.041951	9544362
0	0	9	40032	48.042980	9748210
0	0	9	40866	49.043399	9951309
0	0	9	41700	50.045128	10154860
0	0	9	42534	51.045974	10358572
0	0	9	43368	52.047383	10562140
0	0	9	44202	53.048155	10765494
0	0	9	45036	54.048871	10968637
0	0	9	45870	55.049500	11172256
0	0	9	46704	56.051607	11375420
0	0	9	47538	57.052890	11578551
0	0	9	48372	58.053724	11781897
0	0	9	49206	59.054770	11986069
0	0	9	50040	60.055988	12189923
0	0	9	50874	61.057132	12392702
0	0	9	51708	62.058089	12596528
0	0	9	52542	63.058579	12799855
0	0	9	53376	64.060199	13003315
0	0	9	54210	65.060630	13207008
0	0	9	55044	66.062001	13409991
0	0	9	55878	67.062941	13612828
0	0	9	56712	68.064547	13816051
0	0	9	57546	69.065422	14019400
0	0	9	58380	70.066349	14223016
0	0	9	59214	71.067484	14427524
0	0	9	60048	72.068346	14628630
0	0	9	60882	73.069275	14827529
0	0	9	61716	74.071168	15026628
0	0	9	62550	75.071051	15222019
0	0	9	63384	75.332552	15242350
0	0	9	64218	75.332456	15241224
0	0	10	834	1.003447	190396
0	0	10	1668	2.004727	393795
0	0	10	2502	3.005641	597051
0	0	10	3336	4.007104	800517
0	0	10	4170	5.008002	1003915
0	0	10	5004	6.009135	1207374
0	0	10	5838	7.009832	1410707
0	0	10	6672	8.011282	1614160
0	0	10	7506	9.012660	1817375
0	0	10	8340	10.013636	2020871
0	0	10	9174	11.014832	2224322
0	0	10	10008	12.016021	2427497
0	0	10	10842	13.017354	2630742
0	0	10	11676	14.018625	2834219
0	0	10	12510	15.020218	3037588
0	0	10	13344	16.021301	3240840
0	0	10	14178	17.022394	3444095
0	0	10	15012	18.023400	3647591
0	0	10	15846	19.024295	3850807
0	0	10	16680	20.025465	4054066
0	0	10	17514	21.026995	4257613
0	0	10	18348	22.027742	4460879
0	0	10	19182	23.028620	4664326
0	0	10	20016	24.029707	4867496
0	0	10	20850	25.031165	5070806
0	0	10	21684	26.031705	5274044
0	0	10	22518	27.033824	5477566
0	0	10	23352	28.034482	5680840
0	0	10	24186	29.036098	5884215
0	0	10	25020	30.037152	6087618
0	0	10	25854	31.038603	6291030
0	0	10	26688	32.039273	6494397
0	0	10	27522	33.040490	6697660
0	0	10	28356	34.040979	6901299
0	0	10	29190	35.042598	7104619
0	0	10	30024	36.043046	7307677
0	0	10	30858	37.044496	7511292
0	0	10	31692	38.044770	7714317
0	0	10	32526	39.046754	7917857
0	0	10	33360	40.048313	8120794
0	0	10	34194	41.048970	8324224
0	0	10	35028	42.050179	8527802
0	0	10	35862	43.051004	8731056
0	0	10	36696	44.051987	8933996
0	0	10	37530	45.052643	9137431
0	0	10	38364	46.053932	9340930
0	0	10	39198	47.055340	9543701
0	0	10	40032	48.056284	9747417
0	0	10	40866	49.056920	9950895
0	0	10	41700	50.058265	10153969
0	0	10	42534	51.059056	10356937
0	0	10	43368	52.060624	10560245
0	0	10	44202	53.061338	10764049
0	0	10	45036	54.062524	10967456
0	0	10	45870	55.063715	11170626
0	0	10	46704	56.065436	11374186
0	0	10	47538	57.065896	11577864
0	0	10	48372	58.067474	11780995
0	0	10	49206	59.068595	11984236
0	0	10	50040	60.069928	12187708
0	0	10	50874	61.070606	12390707
0	0	10	51708	62.072489	12594503
0	0	10	52542	63.072879	12797214
0	0	10	53376	64.075161	13000383
0	0	10	54210	65.075783	13203700
0	0	10	55044	66.076819	13406899
0	0	10	55878	67.078370	13609470
0	0	10	56712	68.079774	13813082
0	0	10	57546	69.080821	14017331
0	0	10	58380	70.082138	14220783
0	0	10	59214	71.083513	14424386
0	0	10	60048	72.084803	14625640
0	0	10	60882	73.085172	14825223
0	0	10	61716	74.086438	15023842
0	0	10	62550	75.087060	15218874
0	0	10	63384	75.331164	15237081
0	0	10	64218	75.330019	15237597
0	0	11	834	1.003338	188202
0	0	11	1668	2.004482	391615
0	0	11	2502	3.005042	594924
0	0	11	3336	4.006264	798334
0	0	11	4170	5.007130	1001681
0	0	11	5004	6.008241	1205077
0	0	11	5838	7.008785	1408417
0	0	11	6672	8.009833	1611853
0	0	11	7506	9.010149	1815117
0	0	11	8340	10.011296	2018458
0	0	11	9174	11.012271	2221880
0	0	11	10008	12.013328	2425118
0	0	11	10842	13.014290	2628371
0	0	11	11676	14.014694	2831605
0	0	11	12510	15.016062	3035161
0	0	11	13344	16.017309	3238426
0	0	11	14178	17.017884	3441751
0	0	11	15012	18.018897	3645253
0	0	11	15846	19.019546	3848457
0	0	11	16680	20.020621	4051737
0	0	11	17514	21.020981	4254776
0	0	11	18348	22.022078	4458410
0	0	11	19182	23.023100	4661792
0	0	11	20016	24.023876	4865282
0	0	11	20850	25.025285	5068598
0	0	11	21684	26.025468	5272011
0	0	11	22518	27.027241	5475139
0	0	11	23352	28.027940	5678693
0	0	11	24186	29.028731	5881999
0	0	11	25020	30.029580	6085517
0	0	11	25854	31.030277	6288773
0	0	11	26688	32.031072	6492226
0	0	11	27522	33.032507	6695560
0	0	11	28356	34.032727	6898368
0	0	11	29190	35.033884	7101839
0	0	11	30024	36.034260	7305207
0	0	11	30858	37.035271	7508497
0	0	11	31692	38.035472	7711907
0	0	11	32526	39.036101	7915446
0	0	11	33360	40.037429	8118512
0	0	11	34194	41.037793	8321974
0	0	11	35028	42.037881	8525193
0	0	11	35862	43.039114	8728758
0	0	11	36696	44.039846	8931293
0	0	11	37530	45.040655	9135369
0	0	11	38364	46.041484	9337976
0	0	11	39198	47.042570	9541965
0	0	11	40032	48.043440	9745106
0	0	11	40866	49.044185	9948236
0	0	11	41700	50.044826	10150993
0	0	11	42534	51.046157	10354778
0	0	11	43368	52.047131	10558081
0	0	11	44202	53.047740	10761610
0	0	11	45036	54.048077	10965319
0	0	11	45870	55.049493	11168598
0	0	11	46704	56.050429	11372074
0	0	11	47538	57.051250	11575629
0	0	11	48372	58.052694	11779303
0	0	11	49206	59.053059	11982938
0	0	11	50040	60.054171	12185962
0	0	11	50874	61.054897	12389105
0	0	11	51708	62.055778	12593065
0	0	11	52542	63.056179	12796197
0	0	11	53376	64.057837	12999599
0	0	11	54210	65.058250	13202873
0	0	11	55044	66.059152	13406067
0	0	11	55878	67.059963	13609736
0	0	11	56712	68.061325	13812473
0	0	11	57546	69.061833	14015956
0	0	11	58380	70.063162	14219472
0	0	11	59214	71.063601	14422698
0	0	11	60048	72.064999	14623964
0	0	11	60882	73.065411	14823643
0	0	11	61716	74.066830	15023005
0	0	11	62550	75.066986	15218786
0	0	11	63384	75.330808	15235935
0	0	11	64218	75.331589	15235685
0	0	12	834	1.006272	189675
0	0	12	1668	2.007156	393129
0	0	12	2502	3.007859	596559
0	0	12	3336	4.009102	800216
0	0	12	4170	5.009756	1003671
0	0	12	5004	6.010864	1207144
0	0	12	5838	7.011590	1410613
0	0	12	6672	8.013227	1614115
0	0	12	7506	9.014162	1817514
0	0	12	8340	10.015326	2021153
0	0	12	9174	11.016317	2224511
0	0	12	10008	12.016893	2427882
0	0	12	10842	13.017917	2631342
0	0	12	11676	14.018724	2834734
0	0	12	12510	15.020112	3038297
0	0	12	13344	16.021833	3241776
0	0	12	14178	17.022516	3445116
0	0	12	15012	18.023117	3648655
0	0	12	15846	19.024297	3852145
0	0	12	16680	20.025326	4055784
0	0	12	17514	21.026506	4259523
0	0	12	18348	22.027190	4462895
0	0	12	19182	23.028302	4666263
0	0	12	20016	24.029058	4869543
0	0	12	20850	25.030642	5073104
0	0	12	21684	26.031226	5276547
0	0	12	22518	27.032853	5480056
0	0	12	23352	28.033362	5682949
0	0	12	24186	29.034569	5886545
0	0	12	25020	30.035110	6090495
0	0	12	25854	31.036614	6294137
0	0	12	26688	32.037670	6497401
0	0	12	27522	33.038450	6701026
0	0	12	28356	34.039536	6904383
0	0	12	29190	35.040905	7107827
0	0	12	30024	36.041224	7311320
0	0	12	30858	37.042439	7514619
0	0	12	31692	38.042374	7717870
0	0	12	32526	39.043805	7921254
0	0	12	33360	40.045663	8124917
0	0	12	34194	41.045766	8328422
0	0	12	35028	42.046218	8531963
0	0	12	35862	43.047262	8735190
0	0	12	36696	44.047760	8938970
0	0	12	37530	45.049109	9142407
0	0	12	38364	46.050031	9345433
0	0	12	39198	47.050943	9549089
0	0	12	40032	48.051539	9752732
0	0	12	40866	49.052402	9955929
0	0	12	41700	50.054311	10159453
0	0	12	42534	51.054621	10362955
0	0	12	43368	52.056375	10566835
0	0	12	44202	53.056621	10770048
0	0	12	45036	54.058107	10973614
0	0	12	45870	55.059187	11177125
0	0	12	46704	56.060332	11380948
0	0	12	47538	57.061051	11584051
0	0	12	48372	58.062376	11787621
0	0	12	49206	59.062992	11990768
0	0	12	50040	60.064905	12193918
0	0	12	50874	61.065314	12397641
0	0	12	51708	62.066803	12601266
0	0	12	52542	63.067158	12804891
0	0	12	53376	64.068714	13007727
0	0	12	54210	65.069478	13211444
0	0	12	55044	66.070459	13414413
0	0	12	55878	67.071492	13617813
0	0	12	56712	68.072362	13821961
0	0	12	57546	69.073660	14025717
0	0	12	58380	70.075084	14228384
0	0	12	59214	71.076205	14432180
0	0	12	60048	72.077053	14634118
0	0	12	60882	73.077631	14834422
0	0	12	61716	74.079293	15032556
0	0	12	62550	75.079488	15227213
0	0	12	63384	75.326348	15239247
0	0	12	64218	75.326323	15240533
0	0	13	834	1.007138	189699
0	0	13	1668	2.008138	393136
0	0	13	2502	3.008491	596530
0	0	13	3336	4.009739	800017
0	0	13	4170	5.010649	1003443
0	0	13	5004	6.011812	1206943
0	0	13	5838	7.012322	1410259
0	0	13	6672	8.013803	1613688
0	0	13	7506	9.014251	1817289
0	0	13	8340	10.015260	2020631
0	0	13	9174	11.016192	2224149
0	0	13	10008	12.016928	2427443
0	0	13	10842	13.018340	2630823
0	0	13	11676	14.018964	2834425
0	0	13	12510	15.019872	3037729
0	0	13	13344	16.020707	3241136
0	0	13	14178	17.021257	3444694
0	0	13	15012	18.022198	3647984
0	0	13	15846	19.023037	3851331
0	0	13	16680	20.023673	4054924
0	0	13	17514	21.024284	4258304
0	0	13	18348	22.025711	4461663
0	0	13	19182	23.026357	4664879
0	0	13	20016	24.027113	4868538
0	0	13	20850	25.028372	5071943
0	0	13	21684	26.028607	5275034
0	0	13	22518	27.030252	5478705
0	0	13	23352	28.030780	5681398
0	0	13	24186	29.031680	5885151
0	0	13	25020	30.032363	6088940
0	0	13	25854	31.033608	6292283
0	0	13	26688	32.034349	6495854
0	0	13	27522	33.035131	6699175
0	0	13	28356	34.034637	6902424
0	0	13	29190	35.035948	7105893
0	0	13	30024	36.036326	7309050
0	0	13	30858	37.037218	7512666
0	0	13	31692	38.037496	7716059
0	0	13	32526	39.038248	7919531
0	0	13	33360	40.039714	8123013
0	0	13	34194	41.040220	8326282
0	0	13	35028	42.040497	8529977
0	0	13	35862	43.041089	8733174
0	0	13	36696	44.041626	8937075
0	0	13	37530	45.042222	9140305
0	0	13	38364	46.042182	9343470
0	0	13	39198	47.042706	9547071
0	0	13	40032	48.043398	9750061
0	0	13	40866	49.044513	9953319
0	0	13	41700	50.044998	10156940
0	0	13	42534	51.045617	10360536
0	0	13	43368	52.046705	10563361
0	0	13	44202	53.047638	10766793
0	0	13	45036	54.048517	10970766
0	0	13	45870	55.049709	11174346
0	0	13	46704	56.050720	11377809
0	0	13	47538	57.051424	11581337
0	0	13	48372	58.052654	11783978
0	0	13	49206	59.052824	11987955
0	0	13	50040	60.053684	12191510
0	0	13	50874	61.054620	12394845
0	0	13	51708	62.055405	12597715
0	0	13	52542	63.055751	12800207
0	0	13	53376	64.056957	13004153
0	0	13	54210	65.057257	13207925
0	0	13	55044	66.059136	13411188
0	0	13	55878	67.059741	13614762
0	0	13	56712	68.061154	13818709
0	0	13	57546	69.061749	14022784
0	0	13	58380	70.062902	14226018
0	0	13	59214	71.063647	14429172
0	0	13	60048	72.064985	14630760
0	0	13	60882	73.065920	14830506
0	0	13	61716	74.066562	15029518
0	0	13	62550	75.067770	15224688
0	0	13	63384	75.327305	15239583
0	0	13	64218	75.328198	15237879
0	0	14	834	1.003276	188808
0	0	14	1668	2.004486	392173
0	0	14	2502	3.005634	595539
0	0	14	3336	4.007395	798887
0	0	14	4170	5.008579	1002288
0	0	14	5004	6.009669	1205725
0	0	14	5838	7.010945	1409047
0	0	14	6672	8.012608	1612451
0	0	14	7506	9.013389	1815760
0	0	14	8340	10.014898	2019196
0	0	14	9174	11.015822	2222560
0	0	14	10008	12.017168	2425829
0	0	14	10842	13.018152	2629228
0	0	14	11676	14.019501	2832279
0	0	14	12510	15.021109	3035744
0	0	14	13344	16.022404	3238977
0	0	14	14178	17.023951	3442482
0	0	14	15012	18.024757	3645812
0	0	14	15846	19.026059	3849100
0	0	14	16680	20.027766	4052347
0	0	14	17514	21.029295	4255608
0	0	14	18348	22.030423	4459035
0	0	14	19182	23.031797	4662537
0	0	14	20016	24.032787	4865754
0	0	14	20850	25.034375	5069287
0	0	14	21684	26.035745	5272324
0	0	14	22518	27.037055	5475492
0	0	14	23352	28.037816	5679262
0	0	14	24186	29.039508	5882656
0	0	14	25020	30.040330	6085991
0	0	14	25854	31.041821	6289321
0	0	14	26688	32.042620	6492916
0	0	14	27522	33.043659	6696483
0	0	14	28356	34.044806	6899434
0	0	14	29190	35.046238	7102939
0	0	14	30024	36.047038	7305758
0	0	14	30858	37.048625	7508581
0	0	14	31692	38.049104	7711920
0	0	14	32526	39.050502	7915267
0	0	14	33360	40.052455	8119227
0	0	14	34194	41.053016	8322613
0	0	14	35028	42.053880	8525768
0	0	14	35862	43.054851	8729407
0	0	14	36696	44.056084	8933112
0	0	14	37530	45.057763	9135845
0	0	14	38364	46.058675	9339426
0	0	14	39198	47.059621	9542716
0	0	14	40032	48.060793	9745630
0	0	14	40866	49.061870	9948829
0	0	14	41700	50.063170	10152246
0	0	14	42534	51.064131	10355254
0	0	14	43368	52.065841	10558979
0	0	14	44202	53.066839	10761908
0	0	14	45036	54.068342	10966475
0	0	14	45870	55.069907	11168932
0	0	14	46704	56.071280	11372881
0	0	14	47538	57.072576	11575925
0	0	14	48372	58.074118	11779056
0	0	14	49206	59.075161	11982849
0	0	14	50040	60.076973	12185604
0	0	14	50874	61.077733	12389591
0	0	14	51708	62.079542	12592860
0	0	14	52542	63.079832	12796352
0	0	14	53376	64.081786	13000055
0	0	14	54210	65.082894	13203072
0	0	14	55044	66.083627	13406282
0	0	14	55878	67.085253	13609392
0	0	14	56712	68.086275	13813000
0	0	14	57546	69.087595	14016153
0	0	14	58380	70.089264	14219881
0	0	14	59214	71.089834	14422906
0	0	14	60048	72.091731	14624603
0	0	14	60882	73.092671	14824439
0	0	14	61716	74.093814	15023080
0	0	14	62550	75.094616	15218091
0	0	14	63384	75.321100	15237276
0	0	14	64218	75.321010	15237379
0	0	15	834	0.999039	189703
0	0	15	1668	2.000034	393156
0	0	15	2502	3.000696	596512
0	0	15	3336	4.001354	799989
0	0	15	4170	5.002240	1003361
0	0	15	5004	6.003316	1206734
0	0	15	5838	7.003727	1410147
0	0	15	6672	8.004792	1613555
0	0	15	7506	9.005309	1816834
0	0	15	8340	10.006474	2020309
0	0	15	9174	11.007213	2223726
0	0	15	10008	12.007970	2427228
0	0	15	10842	13.009052	2630542
0	0	15	11676	14.009648	2833779
0	0	15	12510	15.010817	3037114
0	0	15	13344	16.011765	3240720
0	0	15	14178	17.012468	3444007
0	0	15	15012	18.013513	3647212
0	0	15	15846	19.014016	3850663
0	0	15	16680	20.015012	4054048
0	0	15	17514	21.015403	4257383
0	0	15	18348	22.016186	4460831
0	0	15	19182	23.017361	4664178
0	0	15	20016	24.017433	4867600
0	0	15	20850	25.018634	5071172
0	0	15	21684	26.019151	5274174
0	0	15	22518	27.020749	5477704
0	0	15	23352	28.020909	5680995
0	0	15	24186	29.022080	5884374
0	0	15	25020	30.022542	6087851
0	0	15	25854	31.023611	6291096
0	0	15	26688	32.024622	6494928
0	0	15	27522	33.025761	6698201
0	0	15	28356	34.025660	6901302
0	0	15	29190	35.026683	7104934
0	0	15	30024	36.026142	7307769
0	0	15	30858	37.026765	7511445
0	0	15	31692	38.027420	7714598
0	0	15	32526	39.028039	7918326
0	0	15	33360	40.029611	8121674
0	0	15	34194	41.029929	8324807
0	0	15	35028	42.030662	8528478
0	0	15	35862	43.031351	8731916
0	0	15	36696	44.031957	8934932
0	0	15	37530	45.032312	9138399
0	0	15	38364	46.032344	9341698
0	0	15	39198	47.033284	9545809
0	0	15	40032	48.034086	9749261
0	0	15	40866	49.033952	9952086
0	0	15	41700	50.035207	10155552
0	0	15	42534	51.035829	10359485
0	0	15	43368	52.036870	10562871
0	0	15	44202	53.037256	10766018
0	0	15	45036	54.038359	10968756
0	0	15	45870	55.038559	11172379
0	0	15	46704	56.039852	11375783
0	0	15	47538	57.040191	11579327
0	0	15	48372	58.041015	11782717
0	0	15	49206	59.042065	11986044
0	0	15	50040	60.043186	12189676
0	0	15	50874	61.043557	12393181
0	0	15	51708	62.045303	12596692
0	0	15	52542	63.045013	12799745
0	0	15	53376	64.046562	13002828
0	0	15	54210	65.047069	13206544
0	0	15	55044	66.048438	13410699
0	0	15	55878	67.049002	13613362
0	0	15	56712	68.049858	13817026
0	0	15	57546	69.050573	14019276
0	0	15	58380	70.051175	14222838
0	0	15	59214	71.051709	14426316
0	0	15	60048	72.052705	14627839
0	0	15	60882	73.053410	14827355
0	0	15	61716	74.054919	15025792
0	0	15	62550	75.055492	15221620
0	0	15	63384	75.323797	15238787
0	0	15	64218	75.324725	15238941
